<?xml version="1.0" encoding="UTF-8"?>
<project-private xmlns="http://www.netbeans.org/ns/project-private/1">
    <editor-bookmarks xmlns="http://www.netbeans.org/ns/editor-bookmarks/2" lastBookmarkId="0"/>
    <open-files xmlns="http://www.netbeans.org/ns/projectui-open-files/2">
        <group>
            <file>file:/C:/Users/HP/Documents/NetBeansProjects/Tugas_Algoritma-3/src/Scanner/MenghitungLuasKerucut.java</file>
            <file>file:/C:/Users/HP/Documents/NetBeansProjects/Tugas_Algoritma-3/src/Scanner/MenghitungVolumeBola.java</file>
            <file>file:/C:/Users/HP/Documents/NetBeansProjects/Tugas_Algoritma-3/src/Scanner/MenghitungLuasBola.java</file>
            <file>file:/C:/Users/HP/Documents/NetBeansProjects/Tugas_Algoritma-3/src/Scanner/MenghitungVolumeBalok.java</file>
            <file>file:/C:/Users/HP/Documents/NetBeansProjects/Tugas_Algoritma-3/src/Scanner/MenghitungVolumeKerucut.java</file>
            <file>file:/C:/Users/HP/Documents/NetBeansProjects/Tugas_Algoritma-3/src/Scanner/MenghitungLuasBalok.java</file>
            <file>file:/C:/Users/HP/Documents/NetBeansProjects/Tugas_Algoritma-3/src/Scanner/MenghitungLuasTabung.java</file>
            <file>file:/C:/Users/HP/Documents/NetBeansProjects/Tugas_Algoritma-3/src/Scanner/MenghitungVolumeTabung.java</file>
        </group>
    </open-files>
</project-private>
